"","V1"
"1","UCq-Fj5jknLsUf-MWSy4_brA"
"2","UC-lHJZR3Gqxm24_Vd_AJ5Yw"
"3","UCbCmjCuTUZos6Inko4u57UQ"
"4","UC295-Dw_tDNtZXFeAPAW6Aw"
"5","UCpEhnqL0y41EpW2TvWAHD7Q"
"6","UCffDXn7ycAzwL2LDlbyWOTw"
"7","UCJ5v_MCY6GNUBTO8-D3XoAg"
"8","UCFFbwnve3yF62-tVXkTyHqg"
"9","UCRijo3ddMTht_IHyNSNXpNQ"
"10","UCIwFjwMjI0y7PDBVEO9-bkQ"
"11","UCJplp5SjeGSdVdwsfb9Q7lQ"
"12","UC0C-w0YjGpqDXGB8IHb662A"
"13","UCk8GzjMOrta8yxDcKfylJYw"
"14","UCEdvpU2pFRCVqU6yIPyTpMQ"
"15","UCYWOjHweP2V-8kGKmmAmQJQ"
"16","UCZJ7m7EnCNodqnu5SAtg8eQ"
"17","UCfM3zsQsOnfWNUppiycmBuw"
"18","UCppHT7SZKKvar4Oc9J4oljQ"
"19","UC9CoOnJkIBMdeijd9qYoT_g"
"20","UC3KQ5GWANYF8lChqjZpXsQw"
"21","UCYiGq8XF7YQD00x7wAd62Zg"
"22","UCqECaJ8Gagnn7YCbPEzWH6g"
"23","UCXazgXDIYyWH-yXLAkcrFxw"
"24","UCYvmuw-JtVrTZQ-7Y4kd63Q"
"25","UCp0hYYBW6IMayGgR-WeoCvQ"
"26","UCV306eHqgo0LvBf3Mh36AHg"
"27","UCV4xOVpbcV8SdueDCOxLXtQ"
"28","UCcgqSM4YEo5vVQpqwN-MaNw"
"29","UCHkj014U2CQ2Nv0UZeYpE_A"
"30","UC4rlAVgAK0SGk-yTfe48Qpw"
"31","UCOmHUn--16B90oW2L6FRR3A"
"32","UC3gNmTGu-TTbFPpfSs5kNkg"
"33","UCvlE5gTbOvjiolFlEm-c_Ow"
"34","UCJrOtniJ0-NWz37R30urifQ"
"35","UCP6uH_XlsxrXwZQ4DlqbqPg"
"36","UC3IZKseVpdzPSBaWxBxundA"
"37","UCyoXW-Dse7fURq30EWl_CUA"
"38","UCj0O6W8yDuLg3iraAXKgCrQ"
"39","UCb2HGwORFBo94DmRx4oLzow"
"40","UC22nIfOTM7KLIQuFGMKzQbg"
"41","UCBnZ16ahKA2DZ_T5W0FPUXg"
"42","UC56gTxNs4f9xZ7Pa2i5xNzg"
"43","UClZkHt2kNIgyrTTPnSQV3SA"
"44","UCBVjMGOIkavEAhyqpxJ73Dw"
"45","UCK1i2UviaXLUNrZlAFpw_jA"
"46","UCECJDeK0MNapZbpaOzxrUPA"
"47","UCX6OQ3DkcsbYNE6H8uQQuVA"
"48","UCam8T03EOFBsNdR0thrFHdQ"
"49","UC_gV70G_Y51LTa3qhu8KiEA"
"50","UCa10nxShhzNrCE1o2ZOPztg"
