,V1
1,UCmY1hRirL5TrQ1-c7c2aYgA
2,UCdILDy13Iac8nTT27HieBjQ
3,UCYhGNo8jD0iZ-Ne4372CVUw
4,UCmiivdWbzuVQKMljjvfVjqQ
5,UC2tNvVZ75nEcfacTIVzCcYQ
6,UCDiNUgM_dUHBgKCVR2awPCg
7,UCRkBGUluXeZqoklYT0xzwbw
8,UCQhR1YUwHMBEpvlRQWwLUdg
9,UCJnOK0N8d_J9tiT6W7STjrQ
10,UCo9847TZupA_7v17dURtBBw
11,UCo7QD2F0sVgkHSDV1TfAV7A
12,UCziXVJdWBMpj9bcgWH7WYNg
13,UCT4qb_OJEapme5ENEhBI-bw
14,UCYw9ab2RDz04dNSk4HRVTow
15,UCWoX0WHlKjV-yArvBrTxIJA
16,UCKj6AK9GR0Njx2Vfhd_aCsw
17,UCL3qjTo4-Ppt2xlyCwD1psQ
18,UCYaxncRvOBu-vtdhxf6qciA
19,UCOHTtJL1ExEQncNWsf4G18g
20,UCRA4TfUBsbZ-DZTD0lry-eQ
21,UCA-EoQh-2JbIEkN7h2yJ0GA
22,UCStljkxjE--_dfGeMBbbtIA
23,UCOZsrVRAF1NGBdL0Kpdl8Cg
24,UCzXpJub6qs5O8OT-xYgiIOA
25,UC-YcYnfGa7n5QVS3B1Ex7uA
26,UCHtsb3G9FmaV6AoplLLwVpg
27,UC76G5sz2iIXyWk7bOXK2j6g
28,UCLfam-uctJfpONezAKpmuRA
29,UCTgMnV021odcWKnoBh2EUAg
30,UCuX8lXIexG8dRXFx54CVm2Q
31,UC30nOmybLS_ecUL4bl8jygg
32,UCmj5GoMSRJJ1wV39whi5Kvg
33,UCo51ugjfBOQytx6of3GldRg
34,UCt436V1mFGyRuYXit7Nsskw
35,UCJCqtJDeW40nLqclIkKXS_A
36,UCDZFI4LOb0IF-UB7Fxxevdw
37,UC0g5VkWejs0rXbS9--4kbCw
38,UCzzhmLQGOQA9VTg60cJMVxg
39,UC1FhtpyTJs2DWETb_0kX6BA
40,UCC1uhJyH5iNmwqHOmi7eaiw
41,UCiZv4ehxx5nW5hU3TsuTa9g
42,UCuktMXbuNitipEGQXDCzEzQ
43,UCC-zlO4ijtKQ2dV1Vz4fWQQ
44,UCCSPMB9sESV7zZQfkE-cVpQ
45,UCR7Fu_onZXv0_XbdLtQMPMA
46,UCT4ITc4BhHL4CXHYt4Bs9jg
47,UCQjZq0InHXbPCPBXDdoaNaA
48,UC7Qkih-R38PRnCBNpzqIxmw
49,UCpwJ_dzLTtrgDAWXuBa7kZA
50,UCn527fNWefWmh78YULJ1HXw
51,UCLosJVMTXARAfNM8YTFnfPA
52,UCbwF5qItDGG6Owp3oXjszbg
53,UCDfwnN4jfHLLLiVTigxQxYA
54,UCz6vnIbgiqFT9xUcD6Bp65Q
55,UCIk17PPG5ElK1XcoACT1HVA
56,UCNu7wXS4a9NfIfGpEexiXdA
57,UCLiu0iPPes2anRxuvVABe6w
58,UCzXIFIChH0pN_8ZLvf5pgQg
59,UC8KwfcFncSOk4WQRyr3KIwQ
60,UCZJ5EMDwrH_aTzlI8PCn_DQ
61,UCqeKWAqr6love3cdzNBYUKA
62,UCIKTn-CM1iogGbqek2ksxFA
63,UCT5hB3iC2EoAINO7US4FOMw
64,UCrwYagWWX3BrsOUIwLmldDg
65,UCKdQ1qvgpru8OIw64bZy4gQ
66,UCA-Qb90sh7Itjo9MwSyn9KQ
67,UCw8x7RjEv9_utGdUozvuYww
68,UCLfyS2t8duuCaKFmMzMJzyw
69,UCkz_GwLQrURCa5FzyobMNKQ
70,UC2dfiTnIRduc45jRV65iRsg
71,UC1D5V67Y-y9YMKa5stwrWkQ
72,UCUw4K8hh4No3ks8wxfqj-uQ
73,UCTo0WaAO-tRYTK5jBXoQyHA
74,UC_S7C4QPoZKTGH9DBz-1HCw
75,UC234NfvHtl0pwYC2Yplz66Q
76,UCztVJVEqC9MO6BoFzDq5ewA
77,UC0pdmQwQKnzdtMXiKSEke8Q
78,UCg722BEkHQxKB_pNL1xdWQw
79,UCi5RpNkW929mTVCoU2C_02g
80,UCj0GdOTeB1kUQNrHDVjZPDA
81,UCUWkHW7RJtaTl_fju_W0s2Q
82,UCUabf2cM8vbDSuITGKhiXJQ
83,UC2sYit3cZ2CuD_8FHYH7O_Q
84,UCqzKrLA7Rh1G67LfBHYTagw
85,UC6BjpMIvdF7CNoh9kiw67fA
86,UCX2ZPfDqbxo8QIJFc1Y7hAw
87,UC7KHaGBqJlH926m7IVhP3hw
88,UC81EPVOdmiIt7q1l1G19AZg
89,UC81EPVOdmiIt7q1l1G19AZg
90,UCVRQ8Zd2R3l0qB81cKLv-2g
91,UC59i2FGtNd30aOKGjG_hF3Q
92,UCTt3ZDueh4r-kBoWURXZWaw
93,UC3kCzZNCe2FYvFl8pR3C4fg
94,UC7RQon_YwCnp_LbPtEwW65w
95,UCIkVXmCtQPYZxFNQ2JnaYCw
96,UCjI_TRfAL2WtsRd2xRZ6Q-g
97,UCMv0nI3F_RldID3qzBtZnCQ
98,UCIIwLX8REayuH-sNLf8c-3A
99,UC76G5sz2iIXyWk7bOXK2j6g
100,UC-QcZREHWQJgUN5AOBab1NQ