"","X1","V1"
"1",1,"UC76G5sz2iIXyWk7bOXK2j6g"
"2",2,"UC_S7C4QPoZKTGH9DBz-1HCw"
"3",3,"UC-QcZREHWQJgUN5AOBab1NQ"
"4",4,"UCsaERFyJVQvjurXC3SsBYPw"
"5",5,"UC6ACBhKd6H-yGPVcT04iMCA"
"6",6,"UCFahBR2wixu0xOex84bXFvg"
"7",7,"UC6ebRQXZfOLrKALxwUh84Sg"
"8",8,"UCOpNfxhmQt6NVq2AzP3VBEQ"
"9",9,"UC8wcX-wFo8A8h-e7_NQzk_w"
"10",10,"UCoRFDQFQ52BlWthic2obY8w"
"11",11,"UCG_McV78gkS0U65DHXAePMQ"
"12",12,"UCnyZSyrXD5FwMI3WqkYRg-A"
"13",13,"UCm8LWQVfm0jyeWJrNS8sJLQ"
"14",14,"UCDv9vGKLFqhh8VLtnMZIXOg"
"15",15,"UCJllVl47GfdWBJsGhcYqq_Q"
"16",16,"UCTurD8KAN-TTfV4HGzeJJNg"
"17",17,"UCW0w5HvSlZ-xA3AfH4ir-AQ"
"18",18,"UC-FFamtcAEBk6KzArZZYzOQ"
"19",19,"UCwBHtl-3ToTcf-q3Biv6i9A"
"20",20,"UCD88pxOqzS2GZMR3AihUzuw"
"21",21,"UCV6AJqWMOIYnfbsK8niM55Q"
"22",22,"UCCKdJQfcldhnd5LUlasJusw"
"23",23,"UCL--AnIMxQQdbcH4ESEK0Iw"
"24",24,"UCcdAu2P3Z1z50WkrZYjEWFg"
"25",25,"UCnge9M45PtfH1FOzjNwuLSw"
"26",26,"UCEiRkDVh1JSEg12e6qoQrQA"
"27",27,"UCvsNeOy8opQGjK5CP_NAtAA"
"28",28,"UC-n804Jb7iZg8GQCktwmOdg"
"29",29,"UCFuYrrmGOLyzA-OcN1M2Fnw"
"30",30,"UCFVeovU-6bi49LOO2io85RQ"
"31",31,"UCdzgw-3dBy_C-3fGEgwNQgQ"
"32",32,"UCCbnUEWAM0lUorcBs7MS8CA"
"33",33,"UCLwFOT4tHGaK9kqXXExhPFQ"
"34",34,"UCVqQ00b7fuie4r4AB5Yc5Ag"
"35",35,"UCecE4uPAABSi4EIEuRAzwHA"
"36",36,"UCjjQjnX5kfPx5XxJINE5W-A"
"37",37,"UCqWf9XDNyh7ePbM25QfsnOQ"
"38",38,"UCIo9Cz4iuKU-BqX9UKHlAZA"
"39",39,"UChDYtWoZDndUFoVSyEzx_og"
"40",40,"UCp-RqLazc49w3dSiTs0kdYg"
"41",41,"UCHwHEeW-U5vjxoTUvLV-_kQ"
"42",42,"UCquoyvONkwR1iR0YlZt_cZQ"
"43",43,"UCxK3okT8-VumqQLc2jv1yrQ"
"44",44,"UC_9Xx_4CfvOJ_E6fYKTB6lg"
"45",45,"UCy-pqt2qjYVDZqwBiTS9yDA"
"46",46,"UCnqSPU1RWpVHAWYDe56Isxg"
"47",47,"UC1rXdFa25iiRPuwwBVj1tkw"
"48",48,"UC6avGgjCi3WqdT22pFKktuA"
"49",49,"UCgpYLDHD6MmBxSHcjuDkY_Q"
"50",50,"UCU52jEOalBuKxiGu1eEjtww"
"51",51,"UCNwGD6yrDw_VzlbI-uGIRHQ"
"52",52,"UCU52jEOalBuKxiGu1eEjtww"
"53",53,"UC2QTxMxR8soBexzFclw4Axg"
"54",54,"UCz99jjtnWH4qNRgPEhWoRww"
"55",55,"UC_9Xx_4CfvOJ_E6fYKTB6lg"
"56",56,"UCjjQjnX5kfPx5XxJINE5W-A"
"57",57,"UCiG-vI6MW2hmok1-7vgK2jA"
"58",58,"UCecE4uPAABSi4EIEuRAzwHA"
"59",59,"UCnqSPU1RWpVHAWYDe56Isxg"
"60",60,"UCnqSPU1RWpVHAWYDe56Isxg"
"61",61,"UCtXdYgkY1RYCiUWfpmo5DMQ"
"62",62,"UCKg6x3vVUXzDsqWFdrosyKQ"
"63",63,"UCIk7xyLAs74Fawvcwe7tocA"
"64",64,"UCv4HggW8dcPK9mIEZ10Agzg"
"65",65,"UCWDaU-qRXrZcUQYDRv2asvw"
"66",66,"UC6kh50A4TMslBLMnv0MeArw"
"67",67,"UCo4BXutxwkxZF30fXnMsjGQ"
"68",68,"UCMoGxgVcKBgZfZsKELbv9Cw"
"69",69,"UC1PtSMecZEDa5xmZzT-yLcA"
"70",70,"UCAduQy1y6-Lb5VQNS7R2tAA"
"71",71,"UCjHCBI7CNqQwzuaiDtCAQmA"
"72",72,"UC1HgqMzEfDXW2c55dyvjFpg"
"73",73,"UCGa3mluL_aylIHgKBKPitYg"
"74",74,"UCehVLZ2Dwd4fwGCidgz517A"
"75",75,"UCbTN0Ucmnwo9iz8-eDgJdeA"
"76",76,"UCTOA5N3AbUAVSWrSjlK5A2g"
"77",77,"UCA8qrI8d-CEjEY5-HbAWKMA"
"78",78,"UCBJmYv3Vf_tKcQr5_qmayXg"
"79",79,"UCLzzo3tor2Z7BAbkdR8UUhA"
"80",80,"UC12YOqeGpxJOPAXF3AdgHpg"
"81",81,"UCNQYqKvUOQ-8pPRNgRLXcjg"
"82",82,"UCJ3swzDo4nRjAGaHP1AryQA"
"83",83,"UCKVZHwuuDxFk-KfT7g5_ZYA"
"84",84,"UCkczvHGTDnmY8vXmHUvo7rQ"
"85",85,"UC5AdfeJkjzRZhjK037UgY-A"
"86",86,"UCXtm7fA_KEvnlUM1or3QjvA"
"87",87,"UC8wIQijqOBL13NQ2pHG1sUw"
"88",88,"UCH0CYJBlFqswdlDdbXDnB-Q"
"89",89,"UCnXLslDRBPExnUBunhM918Q"
"90",90,"UC3RipcQzHCHvHuQEUFic2oQ"
"91",91,"UCA0gaB71yl2p_g5WlO5zljw"
"92",92,"UCyKoGV75RsHVSm1hMSNZMqw"
"93",93,"UCpK3cV8Anly7B9_BmbikPuw"
"94",94,"UC3SeBKeZsZZlP5Q7NajgpSQ"
"95",95,"UCNzmWsJUKyOvInVqY1c5Asg"
"96",96,"UCXAtGPXU8pRpd1H4itn7u9A"
"97",97,"UCV-s8tichDSSc19lUw08kXQ"
"98",98,"UCb5CLIe2eKtSC5Eq7XmgZoQ"
"99",99,"UCFVeovU-6bi49LOO2io85RQ"
"100",100,"UCzxN4G3s9uR9ao5_O5DoXmA"
